{
  "generated_at": "2026-04-12T11:00:36.814Z",
  "tier": "small",
  "layer": "all",
  "commit": "0fd343e",
  "abilities": {
    "information_extraction": {
      "recall_at_1": 1,
      "recall_at_5": 1,
      "recall_at_10": 1,
      "ndcg_at_5": 1,
      "ndcg_at_10": 1
    },
    "multi_hop": {
      "recall_at_1": 0.2854761904761905,
      "recall_at_5": 0.6163095238095238,
      "recall_at_10": 0.7167857142857142,
      "ndcg_at_5": 0.6740770744035733,
      "ndcg_at_10": 0.7135964758878204,
      "sub_types": {
        "forward_1hop": 0.5,
        "reverse_1hop": 0.6052380952380951,
        "two_hop_chain": 0.5999999999999999,
        "shared_attribute": 0.76
      }
    },
    "knowledge_updates": {
      "recall_at_1": 1,
      "recall_at_5": 1,
      "recall_at_10": 1,
      "ndcg_at_5": 1,
      "ndcg_at_10": 1,
      "history_isolation_accuracy": 1
    },
    "keyword_metadata": {
      "recall_at_1": 0.45,
      "recall_at_5": 0.9,
      "recall_at_10": 1,
      "ndcg_at_5": 0.9309617315506262,
      "ndcg_at_10": 0.9760711451901563
    },
    "filtered_search": {
      "recall_at_1": 1,
      "recall_at_5": 1,
      "recall_at_10": 1,
      "ndcg_at_5": 1,
      "ndcg_at_10": 1
    },
    "abstention": {
      "abstention_accuracy": 1
    }
  }
}
