{
  "generated_at": "2026-04-12T09:55:25.633Z",
  "tier": "small",
  "layer": "all",
  "commit": "2e17575",
  "abilities": {
    "information_extraction": {
      "recall_at_1": 1,
      "recall_at_5": 1,
      "recall_at_10": 1,
      "ndcg_at_5": 1,
      "ndcg_at_10": 1
    },
    "multi_hop": {
      "recall_at_1": 0.2854761904761905,
      "recall_at_5": 0.5296428571428571,
      "recall_at_10": 0.6576190476190475,
      "ndcg_at_5": 0.6058169939602379,
      "ndcg_at_10": 0.6583225094635685,
      "sub_types": {
        "forward_1hop": 0.5,
        "reverse_1hop": 0.28523809523809524,
        "two_hop_chain": 0.5333333333333333,
        "shared_attribute": 0.8
      }
    },
    "knowledge_updates": {
      "recall_at_1": 1,
      "recall_at_5": 1,
      "recall_at_10": 1,
      "ndcg_at_5": 1,
      "ndcg_at_10": 1
    },
    "keyword_metadata": {
      "recall_at_1": 0.45,
      "recall_at_5": 0.9,
      "recall_at_10": 1,
      "ndcg_at_5": 0.9309617315506262,
      "ndcg_at_10": 0.9760711451901563
    },
    "filtered_search": {
      "recall_at_1": 1,
      "recall_at_5": 1,
      "recall_at_10": 1,
      "ndcg_at_5": 1,
      "ndcg_at_10": 1
    },
    "abstention": {
      "abstention_accuracy": 1
    }
  }
}
